minute,period,possession,type,team,conceded_by,x_m,y_m,end_x_m,end_y_m,kind,outcome,reason,label
0.5,1,1,kick,ENG,,50.0,35.0,87.2,32.9,,,,
2.0,1,2,carry,ENG,,0.2,35.0,9.8,35.4,,,,
2.0,1,2,pass,ENG,,9.8,35.4,9.1,42.7,,,,
2.0,1,2,carry,ENG,,9.1,42.7,20.9,43.1,,,,
4.0,1,3,carry,ENG,,0.2,34.8,7.8,35.5,,,,
4.0,1,3,pass,ENG,,7.8,35.5,7.1,41.4,,,,
4.0,1,3,carry,ENG,,7.1,41.4,15.8,42.3,,,,
4.0,1,3,set_piece,ENG,,0.2,34.8,,,lineout,won,,
4.1,1,3,pass,ENG,,15.8,42.3,15.3,49.6,,,,
4.1,1,3,carry,ENG,,15.3,49.6,24.1,50.0,,,,
7.5,1,3,error,ENG,,3.5,35.1,,,knock_on,,,
7.5,1,4,carry,ENG,,0.3,35.1,9.7,35.3,,,,
7.5,1,4,pass,ENG,,9.7,35.3,9.1,42.4,,,,
7.5,1,4,carry,ENG,,9.1,42.4,21.1,43.0,,,,
7.5,1,4,set_piece,ENG,,0.3,35.1,,,scrum,won,,
7.6,1,4,kick,ENG,,21.1,43.0,60.5,38.1,,,,
12.0,1,5,carry,ENG,,85.0,35.1,94.8,35.7,,,,
12.0,1,5,pass,ENG,,94.8,35.7,94.2,41.4,,,,
12.0,1,5,carry,ENG,,94.2,41.4,104.0,41.9,,,,
12.1,1,5,try,ENG,,104.0,41.9,,,,,,ENG try 12'
18.0,1,6,kick,WAL,,50.0,35.0,40.2,35.4,,,,
18.0,1,7,pass,ENG,,40.2,35.4,40.9,42.9,,,,
18.0,1,7,pass,ENG,,40.9,42.9,28.9,43.3,,,,
22.0,1,8,carry,ENG,,0.0,34.9,9.8,35.4,,,,
22.0,1,8,pass,ENG,,9.8,35.4,9.2,42.5,,,,
22.0,1,9,carry,WAL,,9.2,42.5,21.2,43.1,,,,
22.0,1,9,set_piece,ENG,,0.0,34.9,,,lineout,won,,
22.0,1,9,turnover_won,WAL,,9.2,42.5,,,,,,
26.0,1,10,carry,ENG,,-0.0,35.1,3.8,35.1,,,,
26.0,1,10,penalty_won,WAL,ENG,3.8,35.1,,,,,,
28.0,1,11,kick,WAL,,80.0,34.8,70.2,35.3,,,,
28.0,1,12,pass,ENG,,70.2,35.3,70.9,42.7,,,,
28.0,1,12,pass,ENG,,70.9,42.7,58.9,43.1,,,,
28.1,1,10,penalty_kick,WAL,,69.8,43.1,,,,,,
31.0,1,12,error,WAL,,41.9,35.2,,,forward_pass,,,
31.0,1,13,kick,WAL,,50.0,35.0,40.2,35.4,,,,
31.0,1,14,pass,ENG,,40.2,35.4,40.9,42.9,,,,
31.0,1,14,pass,ENG,,40.9,42.9,28.9,43.3,,,,
34.0,1,15,carry,ENG,,0.2,35.0,9.8,35.4,,,,
34.0,1,15,pass,ENG,,9.8,35.4,9.1,42.7,,,,
34.0,1,15,carry,ENG,,9.1,42.7,20.9,43.1,,,,
34.0,1,15,set_piece,ENG,,0.2,35.0,,,scrum,won,,
37.0,1,16,carry,ENG,,0.3,35.1,9.7,35.3,,,,
37.0,1,16,pass,ENG,,9.7,35.3,9.1,42.4,,,,
37.0,1,16,carry,ENG,,9.1,42.4,21.1,43.0,,,,
37.0,1,16,set_piece,ENG,,0.3,35.1,,,lineout,won,,
37.1,1,16,kick,ENG,,21.1,43.0,60.5,38.1,,,,
37.1,1,15,try,ENG,,47.8,39.7,,,,,,ENG try 37'
41.0,2,17,kick,WAL,,50.0,35.0,12.8,37.1,,,,
44.0,2,18,carry,ENG,,20.0,35.2,29.8,34.7,,,,
44.0,2,18,pass,ENG,,29.8,34.7,29.1,27.3,,,,
44.0,2,18,carry,ENG,,29.1,27.3,41.1,26.9,,,,
48.0,2,19,kick,WAL,,99.8,35.0,90.2,34.6,,,,
48.0,2,20,pass,ENG,,90.2,34.6,90.9,27.3,,,,
48.0,2,20,pass,ENG,,90.9,27.3,79.1,26.9,,,,
48.1,2,18,drop_goal,WAL,,89.3,27.0,,,,,,
53.0,2,21,carry,WAL,,99.8,35.2,92.2,34.5,,,,
53.0,2,21,pass,WAL,,92.2,34.5,92.9,28.6,,,,
53.0,2,21,carry,WAL,,92.9,28.6,84.2,27.7,,,,
53.1,2,21,pass,WAL,,84.2,27.7,84.7,20.4,,,,
53.1,2,21,carry,WAL,,84.7,20.4,75.9,20.0,,,,
58.0,2,21,error,WAL,,96.2,34.9,,,handling,,,
58.0,2,22,carry,WAL,,100.0,34.9,88.2,34.9,,,,
61.0,2,23,pass,ENG,,99.8,35.0,90.2,34.6,,,,
61.0,2,23,pass,ENG,,90.2,34.6,90.9,27.3,,,,
61.0,2,23,pass,ENG,,90.9,27.3,79.1,26.9,,,,
61.0,2,22,turnover_won,ENG,,97.8,35.1,,,,,,
67.0,2,24,carry,WAL,,15.0,34.9,5.2,34.3,,,,
67.0,2,24,pass,WAL,,5.2,34.3,5.8,28.6,,,,
67.0,2,24,carry,WAL,,5.8,28.6,-4.0,28.1,,,,
67.0,2,24,set_piece,WAL,,15.0,34.9,,,lineout,won,,
67.1,2,24,try,WAL,,-4.0,28.1,,,,,,WAL try 67'
71.0,2,25,carry,WAL,,100.0,34.9,88.2,34.9,,,,
71.0,2,25,set_piece,WAL,,100.0,34.9,,,scrum,won,,
71.0,2,24,penalty_try,WAL,,92.7,35.1,,,,,,WAL penalty try 71'
75.0,2,26,kick,ENG,,50.0,35.0,59.8,34.6,,,,
75.0,2,27,pass,WAL,,59.8,34.6,59.1,27.1,,,,
75.0,2,27,pass,WAL,,59.1,27.1,71.1,26.7,,,,
78.0,2,28,carry,WAL,,99.8,35.2,92.2,34.5,,,,
78.0,2,28,pass,WAL,,92.2,34.5,92.9,28.6,,,,
78.0,2,28,carry,WAL,,92.9,28.6,84.2,27.7,,,,
78.0,2,28,set_piece,WAL,,99.8,35.2,,,scrum,won,,
78.1,2,28,pass,WAL,,84.2,27.7,84.7,20.4,,,,
78.1,2,28,carry,WAL,,84.7,20.4,75.9,20.0,,,,
